path	@id	schema
/cdif:hasValuesFrom	https://cdif.org/0.1/hasValuesFrom	/github/workspace/build/annotated/bbr/metadata/cdifProperties/cdifDescriptorVariable/schema.yaml
/cdif:hasValuesFrom/cdif:takesValuesFrom	https://cdif.org/0.1/takesValuesFrom	/github/workspace/build/annotated/bbr/metadata/cdifProperties/cdifDescriptorVariable/schema.yaml
/cdif:hasValuesFrom/cdif:takesValuesFrom/cdif:value	https://cdif.org/0.1/value	/github/workspace/build/annotated/bbr/metadata/cdifProperties/cdifDescriptorVariable/schema.yaml
/cdif:hasValuesFrom/cdif:takesValuesFrom/cdif:isDefinedBy	https://cdif.org/0.1/isDefinedBy	/github/workspace/build/annotated/bbr/metadata/cdifProperties/cdifDescriptorVariable/schema.yaml
/cdif:hasValuesFrom/cdif:takesValuesFrom/cdif:isDefinedBy/_anyOf/0/cdi:describedUnitOfMeasure	http://ddialliance.org/Specification/DDI-CDI/1.0/RDF/describedUnitOfMeasure	https://cross-domain-interoperability-framework.github.io/metadataBuildingBlocks/build/annotated/bbr/metadata/cdifProperties/cdifRepresentedVariable/schema.yaml
/cdif:hasValuesFrom/cdif:takesValuesFrom/cdif:isDefinedBy/_anyOf/0/cdi:describedUnitOfMeasure/skos:prefLabel	http://www.w3.org/2004/02/skos/core#prefLabel	https://cross-domain-interoperability-framework.github.io/metadataBuildingBlocks/build/annotated/bbr/metadata/skosProperties/skosConcept/schema.yaml
/cdif:hasValuesFrom/cdif:takesValuesFrom/cdif:isDefinedBy/_anyOf/0/cdi:describedUnitOfMeasure/skos:altLabel	http://www.w3.org/2004/02/skos/core#altLabel	https://cross-domain-interoperability-framework.github.io/metadataBuildingBlocks/build/annotated/bbr/metadata/skosProperties/skosConcept/schema.yaml
/cdif:hasValuesFrom/cdif:takesValuesFrom/cdif:isDefinedBy/_anyOf/0/cdi:describedUnitOfMeasure/skos:hiddenLabel	http://www.w3.org/2004/02/skos/core#hiddenLabel	https://cross-domain-interoperability-framework.github.io/metadataBuildingBlocks/build/annotated/bbr/metadata/skosProperties/skosConcept/schema.yaml
/cdif:hasValuesFrom/cdif:takesValuesFrom/cdif:isDefinedBy/_anyOf/0/cdi:describedUnitOfMeasure/skos:notation	http://www.w3.org/2004/02/skos/core#notation	https://cross-domain-interoperability-framework.github.io/metadataBuildingBlocks/build/annotated/bbr/metadata/skosProperties/skosConcept/schema.yaml
/cdif:hasValuesFrom/cdif:takesValuesFrom/cdif:isDefinedBy/_anyOf/0/cdi:describedUnitOfMeasure/skos:definition	http://www.w3.org/2004/02/skos/core#definition	https://cross-domain-interoperability-framework.github.io/metadataBuildingBlocks/build/annotated/bbr/metadata/skosProperties/skosConcept/schema.yaml
/cdif:hasValuesFrom/cdif:takesValuesFrom/cdif:isDefinedBy/_anyOf/0/cdi:describedUnitOfMeasure/skos:scopeNote	http://www.w3.org/2004/02/skos/core#scopeNote	https://cross-domain-interoperability-framework.github.io/metadataBuildingBlocks/build/annotated/bbr/metadata/skosProperties/skosConcept/schema.yaml
/cdif:hasValuesFrom/cdif:takesValuesFrom/cdif:isDefinedBy/_anyOf/0/cdi:describedUnitOfMeasure/skos:note	http://www.w3.org/2004/02/skos/core#note	https://cross-domain-interoperability-framework.github.io/metadataBuildingBlocks/build/annotated/bbr/metadata/skosProperties/skosConcept/schema.yaml
/cdif:hasValuesFrom/cdif:takesValuesFrom/cdif:isDefinedBy/_anyOf/0/cdi:describedUnitOfMeasure/skos:historyNote	http://www.w3.org/2004/02/skos/core#historyNote	https://cross-domain-interoperability-framework.github.io/metadataBuildingBlocks/build/annotated/bbr/metadata/skosProperties/skosConcept/schema.yaml
/cdif:hasValuesFrom/cdif:takesValuesFrom/cdif:isDefinedBy/_anyOf/0/cdi:describedUnitOfMeasure/skos:changeNote	http://www.w3.org/2004/02/skos/core#changeNote	https://cross-domain-interoperability-framework.github.io/metadataBuildingBlocks/build/annotated/bbr/metadata/skosProperties/skosConcept/schema.yaml
/cdif:hasValuesFrom/cdif:takesValuesFrom/cdif:isDefinedBy/_anyOf/0/cdi:describedUnitOfMeasure/skos:editorialNote	http://www.w3.org/2004/02/skos/core#editorialNote	https://cross-domain-interoperability-framework.github.io/metadataBuildingBlocks/build/annotated/bbr/metadata/skosProperties/skosConcept/schema.yaml
/cdif:hasValuesFrom/cdif:takesValuesFrom/cdif:isDefinedBy/_anyOf/0/cdi:describedUnitOfMeasure/skos:example	http://www.w3.org/2004/02/skos/core#example	https://cross-domain-interoperability-framework.github.io/metadataBuildingBlocks/build/annotated/bbr/metadata/skosProperties/skosConcept/schema.yaml
/cdif:hasValuesFrom/cdif:takesValuesFrom/cdif:isDefinedBy/_anyOf/0/cdi:describedUnitOfMeasure/skos:inScheme	http://www.w3.org/2004/02/skos/core#inScheme	https://cross-domain-interoperability-framework.github.io/metadataBuildingBlocks/build/annotated/bbr/metadata/skosProperties/skosConcept/schema.yaml
/cdif:hasValuesFrom/cdif:takesValuesFrom/cdif:isDefinedBy/_anyOf/0/cdi:describedUnitOfMeasure/skos:topConceptOf	http://www.w3.org/2004/02/skos/core#topConceptOf	https://cross-domain-interoperability-framework.github.io/metadataBuildingBlocks/build/annotated/bbr/metadata/skosProperties/skosConcept/schema.yaml
/cdif:hasValuesFrom/cdif:takesValuesFrom/cdif:isDefinedBy/_anyOf/0/cdi:describedUnitOfMeasure/skos:broader	http://www.w3.org/2004/02/skos/core#broader	https://cross-domain-interoperability-framework.github.io/metadataBuildingBlocks/build/annotated/bbr/metadata/skosProperties/skosConcept/schema.yaml
/cdif:hasValuesFrom/cdif:takesValuesFrom/cdif:isDefinedBy/_anyOf/0/cdi:describedUnitOfMeasure/skos:narrower	http://www.w3.org/2004/02/skos/core#narrower	https://cross-domain-interoperability-framework.github.io/metadataBuildingBlocks/build/annotated/bbr/metadata/skosProperties/skosConcept/schema.yaml
/cdif:hasValuesFrom/cdif:takesValuesFrom/cdif:isDefinedBy/_anyOf/0/cdi:describedUnitOfMeasure/skos:related	http://www.w3.org/2004/02/skos/core#related	https://cross-domain-interoperability-framework.github.io/metadataBuildingBlocks/build/annotated/bbr/metadata/skosProperties/skosConcept/schema.yaml
/cdif:hasValuesFrom/cdif:takesValuesFrom/cdif:isDefinedBy/_anyOf/0/cdi:describedUnitOfMeasure/skos:exactMatch	http://www.w3.org/2004/02/skos/core#exactMatch	https://cross-domain-interoperability-framework.github.io/metadataBuildingBlocks/build/annotated/bbr/metadata/skosProperties/skosConcept/schema.yaml
/cdif:hasValuesFrom/cdif:takesValuesFrom/cdif:isDefinedBy/_anyOf/0/cdi:describedUnitOfMeasure/skos:closeMatch	http://www.w3.org/2004/02/skos/core#closeMatch	https://cross-domain-interoperability-framework.github.io/metadataBuildingBlocks/build/annotated/bbr/metadata/skosProperties/skosConcept/schema.yaml
/cdif:hasValuesFrom/cdif:takesValuesFrom/cdif:isDefinedBy/_anyOf/0/cdi:describedUnitOfMeasure/skos:broadMatch	http://www.w3.org/2004/02/skos/core#broadMatch	https://cross-domain-interoperability-framework.github.io/metadataBuildingBlocks/build/annotated/bbr/metadata/skosProperties/skosConcept/schema.yaml
/cdif:hasValuesFrom/cdif:takesValuesFrom/cdif:isDefinedBy/_anyOf/0/cdi:describedUnitOfMeasure/skos:narrowMatch	http://www.w3.org/2004/02/skos/core#narrowMatch	https://cross-domain-interoperability-framework.github.io/metadataBuildingBlocks/build/annotated/bbr/metadata/skosProperties/skosConcept/schema.yaml
/cdif:hasValuesFrom/cdif:takesValuesFrom/cdif:isDefinedBy/_anyOf/0/cdi:describedUnitOfMeasure/skos:relatedMatch	http://www.w3.org/2004/02/skos/core#relatedMatch	https://cross-domain-interoperability-framework.github.io/metadataBuildingBlocks/build/annotated/bbr/metadata/skosProperties/skosConcept/schema.yaml
/cdif:hasValuesFrom/cdif:takesValuesFrom/cdif:isDefinedBy/_anyOf/0/cdi:hasIntendedDataType	http://ddialliance.org/Specification/DDI-CDI/1.0/RDF/hasIntendedDataType	https://cross-domain-interoperability-framework.github.io/metadataBuildingBlocks/build/annotated/bbr/metadata/cdifProperties/cdifRepresentedVariable/schema.yaml
/cdif:hasValuesFrom/cdif:takesValuesFrom/cdif:isDefinedBy/_anyOf/0/cdi:takesSentinelValuesFrom	http://ddialliance.org/Specification/DDI-CDI/1.0/RDF/takesSentinelValuesFrom	https://cross-domain-interoperability-framework.github.io/metadataBuildingBlocks/build/annotated/bbr/metadata/cdifProperties/cdifRepresentedVariable/schema.yaml
/cdif:hasValuesFrom/cdif:takesValuesFrom/cdif:isDefinedBy/_anyOf/0/cdi:takesSentinelValuesFrom/_anyOf/0/cdif:takesValuesFrom	https://cdif.org/0.1/takesValuesFrom	https://cross-domain-interoperability-framework.github.io/metadataBuildingBlocks/build/annotated/bbr/metadata/cdifProperties/cdifValueDomain/schema.yaml
/cdif:hasValuesFrom/cdif:takesValuesFrom/cdif:isDefinedBy/_anyOf/0/cdi:takesSentinelValuesFrom/_anyOf/0/cdif:takesValuesFrom/_anyOf/0/cdif:identifier	https://cdif.org/0.1/identifier	https://cross-domain-interoperability-framework.github.io/metadataBuildingBlocks/build/annotated/bbr/metadata/cdifProperties/cdifEnumerationDomain/schema.yaml
/cdif:hasValuesFrom/cdif:takesValuesFrom/cdif:isDefinedBy/_anyOf/0/cdi:takesSentinelValuesFrom/_anyOf/0/cdif:takesValuesFrom/_anyOf/0/cdif:identifier/schema:propertyID	http://schema.org/propertyID	https://cross-domain-interoperability-framework.github.io/metadataBuildingBlocks/build/annotated/bbr/metadata/schemaorgProperties/identifier/schema.yaml
/cdif:hasValuesFrom/cdif:takesValuesFrom/cdif:isDefinedBy/_anyOf/0/cdi:takesSentinelValuesFrom/_anyOf/0/cdif:takesValuesFrom/_anyOf/0/cdif:identifier/schema:value	http://schema.org/value	https://cross-domain-interoperability-framework.github.io/metadataBuildingBlocks/build/annotated/bbr/metadata/schemaorgProperties/identifier/schema.yaml
/cdif:hasValuesFrom/cdif:takesValuesFrom/cdif:isDefinedBy/_anyOf/0/cdi:takesSentinelValuesFrom/_anyOf/0/cdif:takesValuesFrom/_anyOf/0/cdif:identifier/schema:url	http://schema.org/url	https://cross-domain-interoperability-framework.github.io/metadataBuildingBlocks/build/annotated/bbr/metadata/schemaorgProperties/identifier/schema.yaml
/cdif:hasValuesFrom/cdif:takesValuesFrom/cdif:isDefinedBy/_anyOf/0/cdi:takesSentinelValuesFrom/_anyOf/0/cdif:takesValuesFrom/_anyOf/0/schema:name	http://schema.org/name	https://cross-domain-interoperability-framework.github.io/metadataBuildingBlocks/build/annotated/bbr/metadata/cdifProperties/cdifEnumerationDomain/schema.yaml
/cdif:hasValuesFrom/cdif:takesValuesFrom/cdif:isDefinedBy/_anyOf/0/cdi:takesSentinelValuesFrom/_anyOf/0/cdif:takesValuesFrom/_anyOf/0/cdif:references	https://cdif.org/0.1/references	https://cross-domain-interoperability-framework.github.io/metadataBuildingBlocks/build/annotated/bbr/metadata/cdifProperties/cdifEnumerationDomain/schema.yaml
/cdif:hasValuesFrom/cdif:takesValuesFrom/cdif:isDefinedBy/_anyOf/0/cdi:takesSentinelValuesFrom/_anyOf/0/cdif:takesValuesFrom/_anyOf/0/cdif:references/_anyOf/0/skos:prefLabel	http://www.w3.org/2004/02/skos/core#prefLabel	https://cross-domain-interoperability-framework.github.io/metadataBuildingBlocks/build/annotated/bbr/metadata/skosProperties/skosConceptScheme/schema.yaml
/cdif:hasValuesFrom/cdif:takesValuesFrom/cdif:isDefinedBy/_anyOf/0/cdi:takesSentinelValuesFrom/_anyOf/0/cdif:takesValuesFrom/_anyOf/0/cdif:references/_anyOf/0/skos:altLabel	http://www.w3.org/2004/02/skos/core#altLabel	https://cross-domain-interoperability-framework.github.io/metadataBuildingBlocks/build/annotated/bbr/metadata/skosProperties/skosConceptScheme/schema.yaml
/cdif:hasValuesFrom/cdif:takesValuesFrom/cdif:isDefinedBy/_anyOf/0/cdi:takesSentinelValuesFrom/_anyOf/0/cdif:takesValuesFrom/_anyOf/0/cdif:references/_anyOf/0/skos:hiddenLabel	http://www.w3.org/2004/02/skos/core#hiddenLabel	https://cross-domain-interoperability-framework.github.io/metadataBuildingBlocks/build/annotated/bbr/metadata/skosProperties/skosConceptScheme/schema.yaml
/cdif:hasValuesFrom/cdif:takesValuesFrom/cdif:isDefinedBy/_anyOf/0/cdi:takesSentinelValuesFrom/_anyOf/0/cdif:takesValuesFrom/_anyOf/0/cdif:references/_anyOf/0/skos:definition	http://www.w3.org/2004/02/skos/core#definition	https://cross-domain-interoperability-framework.github.io/metadataBuildingBlocks/build/annotated/bbr/metadata/skosProperties/skosConceptScheme/schema.yaml
/cdif:hasValuesFrom/cdif:takesValuesFrom/cdif:isDefinedBy/_anyOf/0/cdi:takesSentinelValuesFrom/_anyOf/0/cdif:takesValuesFrom/_anyOf/0/cdif:references/_anyOf/0/skos:notation	http://www.w3.org/2004/02/skos/core#notation	https://cross-domain-interoperability-framework.github.io/metadataBuildingBlocks/build/annotated/bbr/metadata/skosProperties/skosConceptScheme/schema.yaml
/cdif:hasValuesFrom/cdif:takesValuesFrom/cdif:isDefinedBy/_anyOf/0/cdi:takesSentinelValuesFrom/_anyOf/0/cdif:takesValuesFrom/_anyOf/0/cdif:references/_anyOf/0/skos:note	http://www.w3.org/2004/02/skos/core#note	https://cross-domain-interoperability-framework.github.io/metadataBuildingBlocks/build/annotated/bbr/metadata/skosProperties/skosConceptScheme/schema.yaml
/cdif:hasValuesFrom/cdif:takesValuesFrom/cdif:isDefinedBy/_anyOf/0/cdi:takesSentinelValuesFrom/_anyOf/0/cdif:takesValuesFrom/_anyOf/0/cdif:references/_anyOf/0/skos:scopeNote	http://www.w3.org/2004/02/skos/core#scopeNote	https://cross-domain-interoperability-framework.github.io/metadataBuildingBlocks/build/annotated/bbr/metadata/skosProperties/skosConceptScheme/schema.yaml
/cdif:hasValuesFrom/cdif:takesValuesFrom/cdif:isDefinedBy/_anyOf/0/cdi:takesSentinelValuesFrom/_anyOf/0/cdif:takesValuesFrom/_anyOf/0/cdif:references/_anyOf/0/skos:historyNote	http://www.w3.org/2004/02/skos/core#historyNote	https://cross-domain-interoperability-framework.github.io/metadataBuildingBlocks/build/annotated/bbr/metadata/skosProperties/skosConceptScheme/schema.yaml
/cdif:hasValuesFrom/cdif:takesValuesFrom/cdif:isDefinedBy/_anyOf/0/cdi:takesSentinelValuesFrom/_anyOf/0/cdif:takesValuesFrom/_anyOf/0/cdif:references/_anyOf/0/skos:changeNote	http://www.w3.org/2004/02/skos/core#changeNote	https://cross-domain-interoperability-framework.github.io/metadataBuildingBlocks/build/annotated/bbr/metadata/skosProperties/skosConceptScheme/schema.yaml
/cdif:hasValuesFrom/cdif:takesValuesFrom/cdif:isDefinedBy/_anyOf/0/cdi:takesSentinelValuesFrom/_anyOf/0/cdif:takesValuesFrom/_anyOf/0/cdif:references/_anyOf/0/skos:editorialNote	http://www.w3.org/2004/02/skos/core#editorialNote	https://cross-domain-interoperability-framework.github.io/metadataBuildingBlocks/build/annotated/bbr/metadata/skosProperties/skosConceptScheme/schema.yaml
/cdif:hasValuesFrom/cdif:takesValuesFrom/cdif:isDefinedBy/_anyOf/0/cdi:takesSentinelValuesFrom/_anyOf/0/cdif:takesValuesFrom/_anyOf/0/cdif:references/_anyOf/0/skos:example	http://www.w3.org/2004/02/skos/core#example	https://cross-domain-interoperability-framework.github.io/metadataBuildingBlocks/build/annotated/bbr/metadata/skosProperties/skosConceptScheme/schema.yaml
/cdif:hasValuesFrom/cdif:takesValuesFrom/cdif:isDefinedBy/_anyOf/0/cdi:takesSentinelValuesFrom/_anyOf/0/cdif:takesValuesFrom/_anyOf/0/cdif:references/_anyOf/0/skos:hasTopConcept	http://www.w3.org/2004/02/skos/core#hasTopConcept	https://cross-domain-interoperability-framework.github.io/metadataBuildingBlocks/build/annotated/bbr/metadata/skosProperties/skosConceptScheme/schema.yaml
/cdif:hasValuesFrom/cdif:takesValuesFrom/cdif:isDefinedBy/_anyOf/0/cdi:takesSentinelValuesFrom/_anyOf/0/cdif:takesValuesFrom/_anyOf/0/cdif:references/_anyOf/0/dcterms:creator	http://purl.org/dc/terms/creator	https://cross-domain-interoperability-framework.github.io/metadataBuildingBlocks/build/annotated/bbr/metadata/skosProperties/skosConceptScheme/schema.yaml
/cdif:hasValuesFrom/cdif:takesValuesFrom/cdif:isDefinedBy/_anyOf/0/cdi:takesSentinelValuesFrom/_anyOf/0/cdif:takesValuesFrom/_anyOf/0/cdif:references/_anyOf/0/dcterms:creator/_anyOf/1/schema:name	http://schema.org/name	https://cross-domain-interoperability-framework.github.io/metadataBuildingBlocks/build/annotated/bbr/metadata/skosProperties/skosConceptScheme/schema.yaml
/cdif:hasValuesFrom/cdif:takesValuesFrom/cdif:isDefinedBy/_anyOf/0/cdi:takesSentinelValuesFrom/_anyOf/0/cdif:takesValuesFrom/_anyOf/0/cdif:references/_anyOf/0/dcterms:creator/_anyOf/2/_anyOf/1/schema:name	http://schema.org/name	https://cross-domain-interoperability-framework.github.io/metadataBuildingBlocks/build/annotated/bbr/metadata/skosProperties/skosConceptScheme/schema.yaml
/cdif:hasValuesFrom/cdif:takesValuesFrom/cdif:isDefinedBy/_anyOf/0/cdi:takesSentinelValuesFrom/_anyOf/0/cdif:takesValuesFrom/_anyOf/0/cdif:references/_anyOf/0/dcterms:created	http://purl.org/dc/terms/created	https://cross-domain-interoperability-framework.github.io/metadataBuildingBlocks/build/annotated/bbr/metadata/skosProperties/skosConceptScheme/schema.yaml
/cdif:hasValuesFrom/cdif:takesValuesFrom/cdif:isDefinedBy/_anyOf/0/cdi:takesSentinelValuesFrom/_anyOf/0/cdif:takesValuesFrom/_anyOf/0/cdif:references/_anyOf/0/dcterms:modified	http://purl.org/dc/terms/modified	https://cross-domain-interoperability-framework.github.io/metadataBuildingBlocks/build/annotated/bbr/metadata/skosProperties/skosConceptScheme/schema.yaml
/cdif:hasValuesFrom/cdif:takesValuesFrom/cdif:isDefinedBy/_anyOf/0/cdi:takesSentinelValuesFrom/_anyOf/0/cdif:takesValuesFrom/_anyOf/0/cdif:references/_anyOf/0/dcterms:title	http://purl.org/dc/terms/title	https://cross-domain-interoperability-framework.github.io/metadataBuildingBlocks/build/annotated/bbr/metadata/skosProperties/skosConceptScheme/schema.yaml
/cdif:hasValuesFrom/cdif:takesValuesFrom/cdif:isDefinedBy/_anyOf/0/cdi:takesSentinelValuesFrom/_anyOf/0/cdif:takesValuesFrom/_anyOf/0/cdif:references/_anyOf/0/dcterms:description	http://purl.org/dc/terms/description	https://cross-domain-interoperability-framework.github.io/metadataBuildingBlocks/build/annotated/bbr/metadata/skosProperties/skosConceptScheme/schema.yaml
/cdif:hasValuesFrom/cdif:takesValuesFrom/cdif:isDefinedBy/_anyOf/0/cdi:takesSentinelValuesFrom/_anyOf/0/cdif:takesValuesFrom/_anyOf/0/cdif:references/_anyOf/0/dcterms:license	http://purl.org/dc/terms/license	https://cross-domain-interoperability-framework.github.io/metadataBuildingBlocks/build/annotated/bbr/metadata/skosProperties/skosConceptScheme/schema.yaml
/cdif:hasValuesFrom/cdif:takesValuesFrom/cdif:isDefinedBy/_anyOf/0/cdi:takesSentinelValuesFrom/_anyOf/0/cdif:takesValuesFrom/_anyOf/0/cdif:references/_anyOf/0/dcterms:rights	http://purl.org/dc/terms/rights	https://cross-domain-interoperability-framework.github.io/metadataBuildingBlocks/build/annotated/bbr/metadata/skosProperties/skosConceptScheme/schema.yaml
/cdif:hasValuesFrom/cdif:takesValuesFrom/cdif:isDefinedBy/_anyOf/0/cdi:takesSentinelValuesFrom/_anyOf/0/cdif:takesValuesFrom/_anyOf/0/cdif:references/_anyOf/0/schema:version	http://schema.org/version	https://cross-domain-interoperability-framework.github.io/metadataBuildingBlocks/build/annotated/bbr/metadata/skosProperties/skosConceptScheme/schema.yaml
/cdif:hasValuesFrom/cdif:takesValuesFrom/cdif:isDefinedBy/_anyOf/0/cdi:takesSentinelValuesFrom/_anyOf/0/cdif:takesValuesFrom/_anyOf/0/cdif:purpose	https://cdif.org/0.1/purpose	https://cross-domain-interoperability-framework.github.io/metadataBuildingBlocks/build/annotated/bbr/metadata/cdifProperties/cdifEnumerationDomain/schema.yaml
/cdif:hasValuesFrom/cdif:takesValuesFrom/cdif:isDefinedBy/_anyOf/0/cdi:takesSentinelValuesFrom/_anyOf/0/cdif:displayLabel	https://cdif.org/0.1/displayLabel	https://cross-domain-interoperability-framework.github.io/metadataBuildingBlocks/build/annotated/bbr/metadata/cdifProperties/cdifValueDomain/schema.yaml
/cdif:hasValuesFrom/cdif:takesValuesFrom/cdif:isDefinedBy/_anyOf/0/cdi:takesSentinelValuesFrom/_anyOf/0/cdif:recommendedDataType	https://cdif.org/0.1/recommendedDataType	https://cross-domain-interoperability-framework.github.io/metadataBuildingBlocks/build/annotated/bbr/metadata/cdifProperties/cdifValueDomain/schema.yaml
/cdif:hasValuesFrom/cdif:takesValuesFrom/cdif:isDefinedBy/_anyOf/0/cdi:takesSubstantiveValuesFrom	http://ddialliance.org/Specification/DDI-CDI/1.0/RDF/takesSubstantiveValuesFrom	https://cross-domain-interoperability-framework.github.io/metadataBuildingBlocks/build/annotated/bbr/metadata/cdifProperties/cdifRepresentedVariable/schema.yaml
/cdif:hasValuesFrom/cdif:takesValuesFrom/cdif:isDefinedBy/_anyOf/0/cdi:takesSubstantiveValuesFrom/_anyOf/0/cdif:takesValuesFrom	https://cdif.org/0.1/takesValuesFrom	https://cross-domain-interoperability-framework.github.io/metadataBuildingBlocks/build/annotated/bbr/metadata/cdifProperties/cdifValueDomain/schema.yaml
/cdif:hasValuesFrom/cdif:takesValuesFrom/cdif:isDefinedBy/_anyOf/0/cdi:takesSubstantiveValuesFrom/_anyOf/0/cdif:displayLabel	https://cdif.org/0.1/displayLabel	https://cross-domain-interoperability-framework.github.io/metadataBuildingBlocks/build/annotated/bbr/metadata/cdifProperties/cdifValueDomain/schema.yaml
/cdif:hasValuesFrom/cdif:takesValuesFrom/cdif:isDefinedBy/_anyOf/0/cdi:takesSubstantiveValuesFrom/_anyOf/0/cdif:recommendedDataType	https://cdif.org/0.1/recommendedDataType	https://cross-domain-interoperability-framework.github.io/metadataBuildingBlocks/build/annotated/bbr/metadata/cdifProperties/cdifValueDomain/schema.yaml
/cdif:hasValuesFrom/cdif:takesValuesFrom/cdif:isDefinedBy/_anyOf/0/cdi:simpleUnitOfMeasure	http://ddialliance.org/Specification/DDI-CDI/1.0/RDF/simpleUnitOfMeasure	https://cross-domain-interoperability-framework.github.io/metadataBuildingBlocks/build/annotated/bbr/metadata/cdifProperties/cdifRepresentedVariable/schema.yaml
/cdif:hasValuesFrom/cdif:takesValuesFrom/cdif:isDefinedBy/_anyOf/0/cdi:descriptiveText	http://ddialliance.org/Specification/DDI-CDI/1.0/RDF/descriptiveText	https://cross-domain-interoperability-framework.github.io/metadataBuildingBlocks/build/annotated/bbr/metadata/cdifProperties/cdifRepresentedVariable/schema.yaml
/cdif:hasValuesFrom/cdif:takesValuesFrom/cdif:isDefinedBy/_anyOf/0/cdi:descriptiveText/cdi:languageSpecificString	http://ddialliance.org/Specification/DDI-CDI/1.0/RDF/languageSpecificString	https://cross-domain-interoperability-framework.github.io/metadataBuildingBlocks/build/annotated/bbr/metadata/ddiCDIFProperties/ddi-cdif-data-types/schema.yaml
/cdif:hasValuesFrom/cdif:takesValuesFrom/cdif:isDefinedBy/_anyOf/0/cdi:descriptiveText/cdi:languageSpecificString/_anyOf/0/cdi:content	http://ddialliance.org/Specification/DDI-CDI/1.0/RDF/content	https://cross-domain-interoperability-framework.github.io/metadataBuildingBlocks/build/annotated/bbr/metadata/ddiCDIFProperties/ddi-cdif-data-types/schema.yaml
/cdif:hasValuesFrom/cdif:takesValuesFrom/cdif:isDefinedBy/_anyOf/0/cdi:descriptiveText/cdi:languageSpecificString/_anyOf/0/cdi:language	http://ddialliance.org/Specification/DDI-CDI/1.0/RDF/language	https://cross-domain-interoperability-framework.github.io/metadataBuildingBlocks/build/annotated/bbr/metadata/ddiCDIFProperties/ddi-cdif-data-types/schema.yaml
/cdif:hasValuesFrom/cdif:takesValuesFrom/cdif:isDefinedBy/_anyOf/0/cdi:takesSentinelConceptsFrom	http://ddialliance.org/Specification/DDI-CDI/1.0/RDF/takesSentinelConceptsFrom	https://cross-domain-interoperability-framework.github.io/metadataBuildingBlocks/build/annotated/bbr/metadata/cdifProperties/cdifRepresentedVariable/schema.yaml
/cdif:hasValuesFrom/cdif:takesValuesFrom/cdif:isDefinedBy/_anyOf/0/cdi:takesSentinelConceptsFrom/_anyOf/0/cdi:displayLabel	http://ddialliance.org/Specification/DDI-CDI/1.0/RDF/displayLabel	https://cross-domain-interoperability-framework.github.io/metadataBuildingBlocks/build/annotated/bbr/metadata/cdifProperties/cdifRepresentedVariable/schema.yaml
/cdif:hasValuesFrom/cdif:takesValuesFrom/cdif:isDefinedBy/_anyOf/0/cdi:takesSentinelConceptsFrom/_anyOf/0/cdi:displayLabel/cdi:locationVariant	http://ddialliance.org/Specification/DDI-CDI/1.0/RDF/locationVariant	https://cross-domain-interoperability-framework.github.io/metadataBuildingBlocks/build/annotated/bbr/metadata/ddiCDIFProperties/ddi-cdif-data-types/schema.yaml
/cdif:hasValuesFrom/cdif:takesValuesFrom/cdif:isDefinedBy/_anyOf/0/cdi:takesSentinelConceptsFrom/_anyOf/0/cdi:displayLabel/cdi:locationVariant/cdi:entryReference	http://ddialliance.org/Specification/DDI-CDI/1.0/RDF/entryReference	https://cross-domain-interoperability-framework.github.io/metadataBuildingBlocks/build/annotated/bbr/metadata/ddiCDIFProperties/ddi-cdif-data-types/schema.yaml
/cdif:hasValuesFrom/cdif:takesValuesFrom/cdif:isDefinedBy/_anyOf/0/cdi:takesSentinelConceptsFrom/_anyOf/0/cdi:displayLabel/cdi:locationVariant/cdi:entryReference/cdi:uri	http://ddialliance.org/Specification/DDI-CDI/1.0/RDF/uri	https://cross-domain-interoperability-framework.github.io/metadataBuildingBlocks/build/annotated/bbr/metadata/ddiCDIFProperties/ddi-cdif-data-types/schema.yaml
/cdif:hasValuesFrom/cdif:takesValuesFrom/cdif:isDefinedBy/_anyOf/0/cdi:takesSentinelConceptsFrom/_anyOf/0/cdi:displayLabel/cdi:locationVariant/cdi:entryReference/cdi:description	http://ddialliance.org/Specification/DDI-CDI/1.0/RDF/description	https://cross-domain-interoperability-framework.github.io/metadataBuildingBlocks/build/annotated/bbr/metadata/ddiCDIFProperties/ddi-cdif-data-types/schema.yaml
/cdif:hasValuesFrom/cdif:takesValuesFrom/cdif:isDefinedBy/_anyOf/0/cdi:takesSentinelConceptsFrom/_anyOf/0/cdi:displayLabel/cdi:locationVariant/cdi:entryReference/cdi:ddiReference	http://ddialliance.org/Specification/DDI-CDI/1.0/RDF/ddiReference	https://cross-domain-interoperability-framework.github.io/metadataBuildingBlocks/build/annotated/bbr/metadata/ddiCDIFProperties/ddi-cdif-data-types/schema.yaml
/cdif:hasValuesFrom/cdif:takesValuesFrom/cdif:isDefinedBy/_anyOf/0/cdi:takesSentinelConceptsFrom/_anyOf/0/cdi:displayLabel/cdi:locationVariant/cdi:entryReference/cdi:ddiReference/cdi:dataIdentifier	http://ddialliance.org/Specification/DDI-CDI/1.0/RDF/dataIdentifier	https://cross-domain-interoperability-framework.github.io/metadataBuildingBlocks/build/annotated/bbr/metadata/ddiCDIFProperties/ddi-cdif-data-types/schema.yaml
/cdif:hasValuesFrom/cdif:takesValuesFrom/cdif:isDefinedBy/_anyOf/0/cdi:takesSentinelConceptsFrom/_anyOf/0/cdi:displayLabel/cdi:locationVariant/cdi:entryReference/cdi:ddiReference/cdi:registrationAuthorityIdentifier	http://ddialliance.org/Specification/DDI-CDI/1.0/RDF/registrationAuthorityIdentifier	https://cross-domain-interoperability-framework.github.io/metadataBuildingBlocks/build/annotated/bbr/metadata/ddiCDIFProperties/ddi-cdif-data-types/schema.yaml
/cdif:hasValuesFrom/cdif:takesValuesFrom/cdif:isDefinedBy/_anyOf/0/cdi:takesSentinelConceptsFrom/_anyOf/0/cdi:displayLabel/cdi:locationVariant/cdi:entryReference/cdi:ddiReference/cdi:versionIdentifier	http://ddialliance.org/Specification/DDI-CDI/1.0/RDF/versionIdentifier	https://cross-domain-interoperability-framework.github.io/metadataBuildingBlocks/build/annotated/bbr/metadata/ddiCDIFProperties/ddi-cdif-data-types/schema.yaml
/cdif:hasValuesFrom/cdif:takesValuesFrom/cdif:isDefinedBy/_anyOf/0/cdi:takesSentinelConceptsFrom/_anyOf/0/cdi:displayLabel/cdi:locationVariant/cdi:entryReference/cdi:semantic	http://ddialliance.org/Specification/DDI-CDI/1.0/RDF/semantic	https://cross-domain-interoperability-framework.github.io/metadataBuildingBlocks/build/annotated/bbr/metadata/ddiCDIFProperties/ddi-cdif-data-types/schema.yaml
/cdif:hasValuesFrom/cdif:takesValuesFrom/cdif:isDefinedBy/_anyOf/0/cdi:takesSentinelConceptsFrom/_anyOf/0/cdi:displayLabel/cdi:locationVariant/cdi:entryValue	http://ddialliance.org/Specification/DDI-CDI/1.0/RDF/entryValue	https://cross-domain-interoperability-framework.github.io/metadataBuildingBlocks/build/annotated/bbr/metadata/ddiCDIFProperties/ddi-cdif-data-types/schema.yaml
/cdif:hasValuesFrom/cdif:takesValuesFrom/cdif:isDefinedBy/_anyOf/0/cdi:takesSentinelConceptsFrom/_anyOf/0/cdi:displayLabel/cdi:locationVariant/cdi:name	http://ddialliance.org/Specification/DDI-CDI/1.0/RDF/name	https://cross-domain-interoperability-framework.github.io/metadataBuildingBlocks/build/annotated/bbr/metadata/ddiCDIFProperties/ddi-cdif-data-types/schema.yaml
/cdif:hasValuesFrom/cdif:takesValuesFrom/cdif:isDefinedBy/_anyOf/0/cdi:takesSentinelConceptsFrom/_anyOf/0/cdi:displayLabel/cdi:locationVariant/cdi:valueForOther	http://ddialliance.org/Specification/DDI-CDI/1.0/RDF/valueForOther	https://cross-domain-interoperability-framework.github.io/metadataBuildingBlocks/build/annotated/bbr/metadata/ddiCDIFProperties/ddi-cdif-data-types/schema.yaml
/cdif:hasValuesFrom/cdif:takesValuesFrom/cdif:isDefinedBy/_anyOf/0/cdi:takesSentinelConceptsFrom/_anyOf/0/cdi:displayLabel/cdi:locationVariant/cdi:vocabulary	http://ddialliance.org/Specification/DDI-CDI/1.0/RDF/vocabulary	https://cross-domain-interoperability-framework.github.io/metadataBuildingBlocks/build/annotated/bbr/metadata/ddiCDIFProperties/ddi-cdif-data-types/schema.yaml
/cdif:hasValuesFrom/cdif:takesValuesFrom/cdif:isDefinedBy/_anyOf/0/cdi:takesSentinelConceptsFrom/_anyOf/0/cdi:displayLabel/cdi:maxLength	http://ddialliance.org/Specification/DDI-CDI/1.0/RDF/maxLength	https://cross-domain-interoperability-framework.github.io/metadataBuildingBlocks/build/annotated/bbr/metadata/ddiCDIFProperties/ddi-cdif-data-types/schema.yaml
/cdif:hasValuesFrom/cdif:takesValuesFrom/cdif:isDefinedBy/_anyOf/0/cdi:takesSentinelConceptsFrom/_anyOf/0/cdi:displayLabel/cdi:languageSpecificString	http://ddialliance.org/Specification/DDI-CDI/1.0/RDF/languageSpecificString	https://cross-domain-interoperability-framework.github.io/metadataBuildingBlocks/build/annotated/bbr/metadata/ddiCDIFProperties/ddi-cdif-data-types/schema.yaml
/cdif:hasValuesFrom/cdif:takesValuesFrom/cdif:isDefinedBy/_anyOf/0/cdi:takesSentinelConceptsFrom/_anyOf/0/cdi:identifier	http://ddialliance.org/Specification/DDI-CDI/1.0/RDF/identifier	https://cross-domain-interoperability-framework.github.io/metadataBuildingBlocks/build/annotated/bbr/metadata/cdifProperties/cdifRepresentedVariable/schema.yaml
/cdif:hasValuesFrom/cdif:takesValuesFrom/cdif:isDefinedBy/_anyOf/0/cdi:takesSentinelConceptsFrom/_anyOf/0/cdi:identifier/cdi:ddiIdentifier	http://ddialliance.org/Specification/DDI-CDI/1.0/RDF/ddiIdentifier	https://cross-domain-interoperability-framework.github.io/metadataBuildingBlocks/build/annotated/bbr/metadata/ddiCDIFProperties/ddi-cdif-data-types/schema.yaml
/cdif:hasValuesFrom/cdif:takesValuesFrom/cdif:isDefinedBy/_anyOf/0/cdi:takesSentinelConceptsFrom/_anyOf/0/cdi:identifier/cdi:uri	http://ddialliance.org/Specification/DDI-CDI/1.0/RDF/uri	https://cross-domain-interoperability-framework.github.io/metadataBuildingBlocks/build/annotated/bbr/metadata/ddiCDIFProperties/ddi-cdif-data-types/schema.yaml
/cdif:hasValuesFrom/cdif:takesValuesFrom/cdif:isDefinedBy/_anyOf/0/cdi:takesSentinelConceptsFrom/_anyOf/0/cdi:identifier/cdi:nonDdiIdentifier	http://ddialliance.org/Specification/DDI-CDI/1.0/RDF/nonDdiIdentifier	https://cross-domain-interoperability-framework.github.io/metadataBuildingBlocks/build/annotated/bbr/metadata/ddiCDIFProperties/ddi-cdif-data-types/schema.yaml
/cdif:hasValuesFrom/cdif:takesValuesFrom/cdif:isDefinedBy/_anyOf/0/cdi:takesSentinelConceptsFrom/_anyOf/0/cdi:identifier/cdi:nonDdiIdentifier/_anyOf/0/cdi:identifierContent	http://ddialliance.org/Specification/DDI-CDI/1.0/RDF/identifierContent	https://cross-domain-interoperability-framework.github.io/metadataBuildingBlocks/build/annotated/bbr/metadata/ddiCDIFProperties/ddi-cdif-data-types/schema.yaml
/cdif:hasValuesFrom/cdif:takesValuesFrom/cdif:isDefinedBy/_anyOf/0/cdi:takesSentinelConceptsFrom/_anyOf/0/cdi:identifier/cdi:nonDdiIdentifier/_anyOf/0/cdi:managingAgency	http://ddialliance.org/Specification/DDI-CDI/1.0/RDF/managingAgency	https://cross-domain-interoperability-framework.github.io/metadataBuildingBlocks/build/annotated/bbr/metadata/ddiCDIFProperties/ddi-cdif-data-types/schema.yaml
/cdif:hasValuesFrom/cdif:takesValuesFrom/cdif:isDefinedBy/_anyOf/0/cdi:takesSentinelConceptsFrom/_anyOf/0/cdi:isDescribedBy	http://ddialliance.org/Specification/DDI-CDI/1.0/RDF/isDescribedBy	https://cross-domain-interoperability-framework.github.io/metadataBuildingBlocks/build/annotated/bbr/metadata/cdifProperties/cdifRepresentedVariable/schema.yaml
/cdif:hasValuesFrom/cdif:takesValuesFrom/cdif:isDefinedBy/_anyOf/0/cdi:takesSentinelConceptsFrom/_anyOf/0/cdi:isDescribedBy/_anyOf/0/cdi:classificationLevel	http://ddialliance.org/Specification/DDI-CDI/1.0/RDF/classificationLevel	https://cross-domain-interoperability-framework.github.io/metadataBuildingBlocks/build/annotated/bbr/metadata/cdifProperties/cdifRepresentedVariable/schema.yaml
/cdif:hasValuesFrom/cdif:takesValuesFrom/cdif:isDefinedBy/_anyOf/0/cdi:takesSentinelConceptsFrom/_anyOf/0/cdi:isDescribedBy/_anyOf/0/cdi:description	http://ddialliance.org/Specification/DDI-CDI/1.0/RDF/description	https://cross-domain-interoperability-framework.github.io/metadataBuildingBlocks/build/annotated/bbr/metadata/cdifProperties/cdifRepresentedVariable/schema.yaml
/cdif:hasValuesFrom/cdif:takesValuesFrom/cdif:isDefinedBy/_anyOf/0/cdi:takesSentinelConceptsFrom/_anyOf/0/cdi:isDescribedBy/_anyOf/0/cdi:formatPattern	http://ddialliance.org/Specification/DDI-CDI/1.0/RDF/formatPattern	https://cross-domain-interoperability-framework.github.io/metadataBuildingBlocks/build/annotated/bbr/metadata/cdifProperties/cdifRepresentedVariable/schema.yaml
/cdif:hasValuesFrom/cdif:takesValuesFrom/cdif:isDefinedBy/_anyOf/0/cdi:takesSentinelConceptsFrom/_anyOf/0/cdi:isDescribedBy/_anyOf/0/cdi:identifier	http://ddialliance.org/Specification/DDI-CDI/1.0/RDF/identifier	https://cross-domain-interoperability-framework.github.io/metadataBuildingBlocks/build/annotated/bbr/metadata/cdifProperties/cdifRepresentedVariable/schema.yaml
/cdif:hasValuesFrom/cdif:takesValuesFrom/cdif:isDefinedBy/_anyOf/0/cdi:takesSentinelConceptsFrom/_anyOf/0/cdi:isDescribedBy/_anyOf/0/cdi:logicalExpression	http://ddialliance.org/Specification/DDI-CDI/1.0/RDF/logicalExpression	https://cross-domain-interoperability-framework.github.io/metadataBuildingBlocks/build/annotated/bbr/metadata/cdifProperties/cdifRepresentedVariable/schema.yaml
/cdif:hasValuesFrom/cdif:takesValuesFrom/cdif:isDefinedBy/_anyOf/0/cdi:takesSentinelConceptsFrom/_anyOf/0/cdi:isDescribedBy/_anyOf/0/cdi:maximumValueExclusive	http://ddialliance.org/Specification/DDI-CDI/1.0/RDF/maximumValueExclusive	https://cross-domain-interoperability-framework.github.io/metadataBuildingBlocks/build/annotated/bbr/metadata/cdifProperties/cdifRepresentedVariable/schema.yaml
/cdif:hasValuesFrom/cdif:takesValuesFrom/cdif:isDefinedBy/_anyOf/0/cdi:takesSentinelConceptsFrom/_anyOf/0/cdi:isDescribedBy/_anyOf/0/cdi:maximumValueInclusive	http://ddialliance.org/Specification/DDI-CDI/1.0/RDF/maximumValueInclusive	https://cross-domain-interoperability-framework.github.io/metadataBuildingBlocks/build/annotated/bbr/metadata/cdifProperties/cdifRepresentedVariable/schema.yaml
/cdif:hasValuesFrom/cdif:takesValuesFrom/cdif:isDefinedBy/_anyOf/0/cdi:takesSentinelConceptsFrom/_anyOf/0/cdi:isDescribedBy/_anyOf/0/cdi:minimumValueExclusive	http://ddialliance.org/Specification/DDI-CDI/1.0/RDF/minimumValueExclusive	https://cross-domain-interoperability-framework.github.io/metadataBuildingBlocks/build/annotated/bbr/metadata/cdifProperties/cdifRepresentedVariable/schema.yaml
/cdif:hasValuesFrom/cdif:takesValuesFrom/cdif:isDefinedBy/_anyOf/0/cdi:takesSentinelConceptsFrom/_anyOf/0/cdi:isDescribedBy/_anyOf/0/cdi:minimumValueInclusive	http://ddialliance.org/Specification/DDI-CDI/1.0/RDF/minimumValueInclusive	https://cross-domain-interoperability-framework.github.io/metadataBuildingBlocks/build/annotated/bbr/metadata/cdifProperties/cdifRepresentedVariable/schema.yaml
/cdif:hasValuesFrom/cdif:takesValuesFrom/cdif:isDefinedBy/_anyOf/0/cdi:takesSentinelConceptsFrom/_anyOf/0/cdi:isDescribedBy/_anyOf/0/cdi:regularExpression	http://ddialliance.org/Specification/DDI-CDI/1.0/RDF/regularExpression	https://cross-domain-interoperability-framework.github.io/metadataBuildingBlocks/build/annotated/bbr/metadata/cdifProperties/cdifRepresentedVariable/schema.yaml
/cdif:hasValuesFrom/cdif:takesValuesFrom/cdif:isDefinedBy/_anyOf/0/cdi:takesSentinelConceptsFrom/_anyOf/0/cdi:isDescribedBy/_anyOf/0/cdi:regularExpression/cdif:content		https://cross-domain-interoperability-framework.github.io/metadataBuildingBlocks/build/annotated/bbr/metadata/cdifProperties/cdifRepresentedVariable/schema.yaml
/cdif:hasValuesFrom/cdif:takesValuesFrom/cdif:isDefinedBy/_anyOf/0/cdi:takesSentinelConceptsFrom/_anyOf/0/cdi:isDescribedBy/_anyOf/0/cdi:regularExpression/cdi:typeOfContent	http://ddialliance.org/Specification/DDI-CDI/1.0/RDF/typeOfContent	https://cross-domain-interoperability-framework.github.io/metadataBuildingBlocks/build/annotated/bbr/metadata/cdifProperties/cdifRepresentedVariable/schema.yaml
/cdif:hasValuesFrom/cdif:takesValuesFrom/cdif:isDefinedBy/_anyOf/0/cdi:takesSentinelConceptsFrom/_anyOf/0/cdi:takesConceptsFrom	http://ddialliance.org/Specification/DDI-CDI/1.0/RDF/takesConceptsFrom	https://cross-domain-interoperability-framework.github.io/metadataBuildingBlocks/build/annotated/bbr/metadata/cdifProperties/cdifRepresentedVariable/schema.yaml
/cdif:hasValuesFrom/cdif:takesValuesFrom/cdif:isDefinedBy/_anyOf/0/cdi:takesSentinelConceptsFrom/_anyOf/0/cdi:takesConceptsFrom/_anyOf/0/cdi:allowsDuplicates	http://ddialliance.org/Specification/DDI-CDI/1.0/RDF/allowsDuplicates	https://cross-domain-interoperability-framework.github.io/metadataBuildingBlocks/build/annotated/bbr/metadata/cdifProperties/cdifRepresentedVariable/schema.yaml
/cdif:hasValuesFrom/cdif:takesValuesFrom/cdif:isDefinedBy/_anyOf/0/cdi:takesSentinelConceptsFrom/_anyOf/0/cdi:takesConceptsFrom/_anyOf/0/cdi:externalDefinition	http://ddialliance.org/Specification/DDI-CDI/1.0/RDF/externalDefinition	https://cross-domain-interoperability-framework.github.io/metadataBuildingBlocks/build/annotated/bbr/metadata/cdifProperties/cdifRepresentedVariable/schema.yaml
/cdif:hasValuesFrom/cdif:takesValuesFrom/cdif:isDefinedBy/_anyOf/0/cdi:takesSentinelConceptsFrom/_anyOf/0/cdi:takesConceptsFrom/_anyOf/0/cdi:identifier	http://ddialliance.org/Specification/DDI-CDI/1.0/RDF/identifier	https://cross-domain-interoperability-framework.github.io/metadataBuildingBlocks/build/annotated/bbr/metadata/cdifProperties/cdifRepresentedVariable/schema.yaml
/cdif:hasValuesFrom/cdif:takesValuesFrom/cdif:isDefinedBy/_anyOf/0/cdi:takesSentinelConceptsFrom/_anyOf/0/cdi:takesConceptsFrom/_anyOf/0/cdi:name	http://ddialliance.org/Specification/DDI-CDI/1.0/RDF/name	https://cross-domain-interoperability-framework.github.io/metadataBuildingBlocks/build/annotated/bbr/metadata/cdifProperties/cdifRepresentedVariable/schema.yaml
/cdif:hasValuesFrom/cdif:takesValuesFrom/cdif:isDefinedBy/_anyOf/0/cdi:takesSentinelConceptsFrom/_anyOf/0/cdi:takesConceptsFrom/_anyOf/0/cdi:name/cdi:name	http://ddialliance.org/Specification/DDI-CDI/1.0/RDF/name	https://cross-domain-interoperability-framework.github.io/metadataBuildingBlocks/build/annotated/bbr/metadata/ddiCDIFProperties/ddi-cdif-data-types/schema.yaml
/cdif:hasValuesFrom/cdif:takesValuesFrom/cdif:isDefinedBy/_anyOf/0/cdi:takesSentinelConceptsFrom/_anyOf/0/cdi:takesConceptsFrom/_anyOf/0/cdi:name/cdi:context	http://ddialliance.org/Specification/DDI-CDI/1.0/RDF/context	https://cross-domain-interoperability-framework.github.io/metadataBuildingBlocks/build/annotated/bbr/metadata/ddiCDIFProperties/ddi-cdif-data-types/schema.yaml
/cdif:hasValuesFrom/cdif:takesValuesFrom/cdif:isDefinedBy/_anyOf/0/cdi:takesSentinelConceptsFrom/_anyOf/0/cdi:takesConceptsFrom/_anyOf/0/cdif:isDefinedBy_Concept		https://cross-domain-interoperability-framework.github.io/metadataBuildingBlocks/build/annotated/bbr/metadata/cdifProperties/cdifRepresentedVariable/schema.yaml
/cdif:hasValuesFrom/cdif:takesValuesFrom/cdif:isDefinedBy/_anyOf/0/cdi:takesSentinelConceptsFrom/_anyOf/0/cdi:takesConceptsFrom/_anyOf/0/cdif:has_Concept		https://cross-domain-interoperability-framework.github.io/metadataBuildingBlocks/build/annotated/bbr/metadata/cdifProperties/cdifRepresentedVariable/schema.yaml
/cdif:hasValuesFrom/cdif:takesValuesFrom/cdif:isDefinedBy/_anyOf/0/cdi:takesSentinelConceptsFrom/_anyOf/0/cdi:takesConceptsFrom/_anyOf/0/cdi:purpose	http://ddialliance.org/Specification/DDI-CDI/1.0/RDF/purpose	https://cross-domain-interoperability-framework.github.io/metadataBuildingBlocks/build/annotated/bbr/metadata/cdifProperties/cdifRepresentedVariable/schema.yaml
/cdif:hasValuesFrom/cdif:takesValuesFrom/cdif:isDefinedBy/_anyOf/0/cdi:takesSubstantiveConceptsFrom	http://ddialliance.org/Specification/DDI-CDI/1.0/RDF/takesSubstantiveConceptsFrom	https://cross-domain-interoperability-framework.github.io/metadataBuildingBlocks/build/annotated/bbr/metadata/cdifProperties/cdifRepresentedVariable/schema.yaml
/cdif:hasValuesFrom/cdif:takesValuesFrom/cdif:isDefinedBy/_anyOf/0/cdi:takesSubstantiveConceptsFrom/_anyOf/0/cdi:displayLabel	http://ddialliance.org/Specification/DDI-CDI/1.0/RDF/displayLabel	https://cross-domain-interoperability-framework.github.io/metadataBuildingBlocks/build/annotated/bbr/metadata/cdifProperties/cdifRepresentedVariable/schema.yaml
/cdif:hasValuesFrom/cdif:takesValuesFrom/cdif:isDefinedBy/_anyOf/0/cdi:takesSubstantiveConceptsFrom/_anyOf/0/cdi:identifier	http://ddialliance.org/Specification/DDI-CDI/1.0/RDF/identifier	https://cross-domain-interoperability-framework.github.io/metadataBuildingBlocks/build/annotated/bbr/metadata/cdifProperties/cdifRepresentedVariable/schema.yaml
/cdif:hasValuesFrom/cdif:takesValuesFrom/cdif:isDefinedBy/_anyOf/0/cdi:takesSubstantiveConceptsFrom/_anyOf/0/cdi:isDescribedBy	http://ddialliance.org/Specification/DDI-CDI/1.0/RDF/isDescribedBy	https://cross-domain-interoperability-framework.github.io/metadataBuildingBlocks/build/annotated/bbr/metadata/cdifProperties/cdifRepresentedVariable/schema.yaml
/cdif:hasValuesFrom/cdif:takesValuesFrom/cdif:isDefinedBy/_anyOf/0/cdi:takesSubstantiveConceptsFrom/_anyOf/0/cdi:takesConceptsFrom	http://ddialliance.org/Specification/DDI-CDI/1.0/RDF/takesConceptsFrom	https://cross-domain-interoperability-framework.github.io/metadataBuildingBlocks/build/annotated/bbr/metadata/cdifProperties/cdifRepresentedVariable/schema.yaml
/cdif:hasValuesFrom/cdif:takesValuesFrom/cdif:isDefinedBy/_anyOf/0/cdi:measures	http://ddialliance.org/Specification/DDI-CDI/1.0/RDF/measures	https://cross-domain-interoperability-framework.github.io/metadataBuildingBlocks/build/annotated/bbr/metadata/cdifProperties/cdifRepresentedVariable/schema.yaml
/cdif:hasValuesFrom/cdif:takesValuesFrom/cdif:isDefinedBy/_anyOf/0/cdi:measures/_anyOf/0/cdi:descriptiveText	http://ddialliance.org/Specification/DDI-CDI/1.0/RDF/descriptiveText	https://cross-domain-interoperability-framework.github.io/metadataBuildingBlocks/build/annotated/bbr/metadata/cdifProperties/cdifRepresentedVariable/schema.yaml
/cdif:hasValuesFrom/cdif:takesValuesFrom/cdif:isDefinedBy/_anyOf/0/cdi:measures/_anyOf/0/cdi:definition	http://ddialliance.org/Specification/DDI-CDI/1.0/RDF/definition	https://cross-domain-interoperability-framework.github.io/metadataBuildingBlocks/build/annotated/bbr/metadata/cdifProperties/cdifRepresentedVariable/schema.yaml
/cdif:hasValuesFrom/cdif:takesValuesFrom/cdif:isDefinedBy/_anyOf/0/cdi:measures/_anyOf/0/cdi:displayLabel	http://ddialliance.org/Specification/DDI-CDI/1.0/RDF/displayLabel	https://cross-domain-interoperability-framework.github.io/metadataBuildingBlocks/build/annotated/bbr/metadata/cdifProperties/cdifRepresentedVariable/schema.yaml
/cdif:hasValuesFrom/cdif:takesValuesFrom/cdif:isDefinedBy/_anyOf/0/cdi:measures/_anyOf/0/cdi:externalDefinition	http://ddialliance.org/Specification/DDI-CDI/1.0/RDF/externalDefinition	https://cross-domain-interoperability-framework.github.io/metadataBuildingBlocks/build/annotated/bbr/metadata/cdifProperties/cdifRepresentedVariable/schema.yaml
/cdif:hasValuesFrom/cdif:takesValuesFrom/cdif:isDefinedBy/_anyOf/0/cdi:measures/_anyOf/0/cdi:identifier	http://ddialliance.org/Specification/DDI-CDI/1.0/RDF/identifier	https://cross-domain-interoperability-framework.github.io/metadataBuildingBlocks/build/annotated/bbr/metadata/cdifProperties/cdifRepresentedVariable/schema.yaml
/cdif:hasValuesFrom/cdif:takesValuesFrom/cdif:isDefinedBy/_anyOf/0/cdi:measures/_anyOf/0/cdi:name	http://ddialliance.org/Specification/DDI-CDI/1.0/RDF/name	https://cross-domain-interoperability-framework.github.io/metadataBuildingBlocks/build/annotated/bbr/metadata/cdifProperties/cdifRepresentedVariable/schema.yaml
/cdif:hasValuesFrom/cdif:takesValuesFrom/cdif:isDefinedBy/_anyOf/0/cdi:measures/_anyOf/0/cdif:uses_Concept		https://cross-domain-interoperability-framework.github.io/metadataBuildingBlocks/build/annotated/bbr/metadata/cdifProperties/cdifRepresentedVariable/schema.yaml
/cdif:hasValuesFrom/cdif:takesValuesFrom/cdif:isDefinedBy/_anyOf/0/cdi:unitOfMeasureKind	http://ddialliance.org/Specification/DDI-CDI/1.0/RDF/unitOfMeasureKind	https://cross-domain-interoperability-framework.github.io/metadataBuildingBlocks/build/annotated/bbr/metadata/cdifProperties/cdifRepresentedVariable/schema.yaml
/cdif:hasValuesFrom/cdif:takesValuesFrom/cdif:isDefinedBy/_anyOf/0/cdi:definition	http://ddialliance.org/Specification/DDI-CDI/1.0/RDF/definition	https://cross-domain-interoperability-framework.github.io/metadataBuildingBlocks/build/annotated/bbr/metadata/cdifProperties/cdifRepresentedVariable/schema.yaml
/cdif:hasValuesFrom/cdif:takesValuesFrom/cdif:isDefinedBy/_anyOf/0/cdi:displayLabel	http://ddialliance.org/Specification/DDI-CDI/1.0/RDF/displayLabel	https://cross-domain-interoperability-framework.github.io/metadataBuildingBlocks/build/annotated/bbr/metadata/cdifProperties/cdifRepresentedVariable/schema.yaml
/cdif:hasValuesFrom/cdif:takesValuesFrom/cdif:isDefinedBy/_anyOf/0/cdi:externalDefinition	http://ddialliance.org/Specification/DDI-CDI/1.0/RDF/externalDefinition	https://cross-domain-interoperability-framework.github.io/metadataBuildingBlocks/build/annotated/bbr/metadata/cdifProperties/cdifRepresentedVariable/schema.yaml
/cdif:hasValuesFrom/cdif:takesValuesFrom/cdif:isDefinedBy/_anyOf/0/cdi:identifier	http://ddialliance.org/Specification/DDI-CDI/1.0/RDF/identifier	https://cross-domain-interoperability-framework.github.io/metadataBuildingBlocks/build/annotated/bbr/metadata/cdifProperties/cdifRepresentedVariable/schema.yaml
/cdif:hasValuesFrom/cdif:takesValuesFrom/cdif:isDefinedBy/_anyOf/0/cdi:name	http://ddialliance.org/Specification/DDI-CDI/1.0/RDF/name	https://cross-domain-interoperability-framework.github.io/metadataBuildingBlocks/build/annotated/bbr/metadata/cdifProperties/cdifRepresentedVariable/schema.yaml
/cdif:hasValuesFrom/cdif:takesValuesFrom/cdif:isDefinedBy/_anyOf/0/cdif:uses_Concept		https://cross-domain-interoperability-framework.github.io/metadataBuildingBlocks/build/annotated/bbr/metadata/cdifProperties/cdifRepresentedVariable/schema.yaml
/cdi:name	http://ddialliance.org/Specification/DDI-CDI/1.0/RDF/name	/github/workspace/build/annotated/bbr/metadata/cdifProperties/cdifDescriptorVariable/schema.yaml
